Model,Accuracy,Precision,Recall,F1,ROC-AUC,Avg Precision
Logistic Regression,0.7687074829931972,0.37349397590361444,0.6595744680851063,0.47692307692307695,0.7957619088638126,0.525399576369367
Random Forest,0.8401360544217688,0.5,0.46808510638297873,0.4835164835164835,0.7974847101386855,0.4571000685039077
XGBoost,0.8197278911564626,0.44,0.46808510638297873,0.4536082474226804,0.7638039452149195,0.4621588346486663
